Index,"Organization Id",Name,"Number of employees"
2,6A7EdDEA9FaDC52,"Mckinney, Riley and Day",4952
3,0bFED1ADAE4bcC1,"Hester Ltd",5287
4,2bFC1Be8a4ce42f,Holder-Sellers,921
5,9eE8A6a4Eb96C24,"Mayer Group",7870
6,cC757116fe1C085,Henry-Thompson,4914
7,219233e8aFF1BC3,Hansen-Everett,7832
8,ccc93DCF81a31CD,Mcintosh-Mora,4389
9,0B4F93aA06ED03e,"Carr Inc",8167
10,738b5aDe6B1C6A5,"Gaines Inc",9698
11,AE61b8Ffebbc476,"Kidd Group",7473
12,eb3B7D06cCdD609,Crane-Clarke,9011
13,8D0c29189C9798B,"Keller, Campos and Black",2862
14,D2c91cc03CA394c,Glover-Pope,9079
15,C8AC1eaf9C036F4,Pacheco-Spears,769
16,b5D10A14f7a8AfE,Hodge-Ayers,8508
17,68139b5C4De03B4,"Bowers, Guerra and Krause",6986
18,5c2EffEfdba2BdF,Mckenzie-Melton,4589
19,ba179F19F7925f5,Branch-Mann,7961
20,c1Ce9B350BAc66b,,5984
21,8de40AC4e6EaCa4,"Velez, Payne and Coffey",5010
22,Aad86a4F0385F2d,"Harrell LLC",2185
23,22aC3FFd64fD703,"Eaton, Reynolds and Vargas",8987
24,5Ec4C272bCf085c,Robbins-Cummings,5038
25,5fDBeA8BB91a000,"Jenkins Inc",1215
26,dFfD6a6F9AC2d9C,"Greene, Benjamin and Novak",4941
27,4B217cC5a0674C5,"Dickson, Richmond and Clay",3122
28,88b1f1cDcf59a37,Prince-David,1046
29,f9F7bBCAEeC360F,"Ayala LLC",7664
30,7Cb3AeFcE4Ba31e,"Rivas Group",4155
31,ccBcC32adcbc530,"Sloan, Mays and Whitehead",365
32,f5afd686b3d05F5,"Durham, Allen and Barnes",6135
33,38C6cfC5074Fa5e,Fritz-Franklin,4516
34,5Cd7efccCcba38f,Burch-Ewing,7443
35,9E6Acb51e3F9d6F,"Glass, Barrera and Turner",2610
36,4D4d7E18321eaeC,Pineda-Cox,1312
37,485f5d06B938F2b,"Baker, Mccann and Macdonald",1638
38,19E3a5Bf6dBDc4F,Cuevas-Moss,9995
39,6883A965c7b68F7,"Hahn PLC",3715
40,AC5B7AA74Aa4A2E,"Valentine, Ferguson and Kramer",3585
41,decab0D5027CA6a,"Arroyo Inc",9067
42,dF084FbBb613eea,"Walls LLC",1678
43,A2D89Ab9bCcAd4e,"Mitchell, Warren and Schneider",3816
44,77aDc905434a49f,"Prince PLC",7645
45,235fdEFE2cfDa5F,Brock-Blackwell,7034
46,1eD64cFe986BBbE,Walton-Barnett,1746
47,CbBbFcdd0eaE2cF,Bartlett-Arroyo,3987
48,49aECbDaE6aBD53,"Wallace, Madden and Morris",9443
49,7b3fe6e7E72bFa4,Berg-Sparks,2073
50,c6DedA82A8aef7E,"Gonzales Ltd",9069
51,7D9FBF85cdC3871,"Lawson and Sons",3527
52,7dd18Fb7cB07b65,"Mcguire, Mcconnell and Olsen",8445
53,EF5B55FadccB8Fe,Charles-Phillips,3450
54,f8D4B99e11fAF5D,"Odom Ltd",1825
55,e24D21BFd3bF1E5,"Richard PLC",4942
56,B9BdfEB6D3Ca44E,"Sampson Ltd",1418
57,2a74D6f3D3B268e,"Cherry, Le and Callahan",7202
58,Bf3F3f62c8aBC33,"Cherry PLC",8245
59,aeBe26B80a7a23c,Melton-Nichols,8741
60,aAeb29ad43886C6,Potter-Walsh,6923
61,bD1bc6bB6d1FeD3,Freeman-Chen,346
62,EB9f456e8b7022a,"Soto Group",9097
63,Dfef38C51D8DAe3,"Poole, Cruz and Whitney",2992
64,055ffEfB2Dd95B0,"Riley Ltd",9315
65,cBfe4dbAE1699da,"Erickson, Andrews and Bailey",7829
66,fdFbecbadcdCdf1,"Wilkinson, Charles and Arroyo",602
67,5DCb8A5a5ca03c0,"Floyd Ltd",2911
68,ce57DCbcFD6d618,Newman-Galloway,3934
69,5aaD187dc929371,Frazier-Butler,5130
70,902D7Ac8b6d476b,"Newton Inc",563
71,32BB9Ff4d939788,Duffy-Levy,6146
72,adcB0afbE58bAe3,"Wagner LLC",6874
73,dfcA1c84AdB61Ac,Mccall-Holmes,696
74,208044AC2fe52F3,"Massey LLC",5004
75,f3C365f0c1A0623,"Hicks LLC",8480
76,ec5Bdd3CBAfaB93,"Cole, Russell and Avery",7012
77,DDB19Be7eeB56B4,Cummings-Rojas,7529
78,dd6CA3d0bc3cAfc,"Beasley, Greene and Mahoney",869
79,A0B9d56e61070e3,"Beasley, Sims and Allison",6182
80,cBa7EFe5D05Adaf,Crawford-Rivera,7805
81,Ea3f6D52Ec73563,Montes-Hensley,8433
82,bC0CEd48A8000E0,Velazquez-Odom,4044
83,c89b9b59BC4baa1,Eaton-Morales,7013
84,FEC51bce8421a7b,"Roberson, Pennington and Palmer",5571
85,e0E8e27eAc9CAd5,"George, Russo and Guerra",2880
86,B97a6CF9bf5983C,"Davila Inc",2215
87,a0a6f9b3DbcBEb5,Mays-Preston,5786
88,8cC1bDa330a5871,Pineda-Morton,6168
89,ED889CB2FE9cbd3,"Huang and Sons",7484
90,F4Dc1417BC6cb8f,Gilbert-Simon,1927
91,7ABc3c7ecA03B34,Sampson-Griffith,3881
92,4e0719FBE38e0aB,Miles-Dominguez,897
93,dEbDAAeDfaed00A,"Rowe and Sons",8172
94,61BDeCfeFD0cEF5,"Valenzuela, Holmes and Rowland",1483
95,4e91eD25f486110,"Best, Wade and Shepard",4873
96,0a0bfFbBbB8eC7c,"Holmes Group",2988
97,BA6Cd9Dae2Efd62,"Good Ltd",4292
98,E7df80C60Abd7f9,Clements-Espinoza,236
99,AFc285dbE2fEd24,"Mendez Inc",339
100,e9eB5A60Cef8354,Watkins-Kaiser,2785
101,e9eB5A60Cef8354,Watkins-Kaiser,2785
